[
  {
    "DictId": 503747692996853760,
    "DictNo": null,
    "DictName": "件",
    "DictType": "1",
    "IsDel": 1,
    "Remark": null,
    "CreateBy": 491786087098744832,
    "CreateDate": "2018-10-22 09:53:29",
    "ModifiedBy": null,
    "ModifiedDate": null
  },
  {
    "DictId": 503752972895780864,
    "DictNo": null,
    "DictName": "采购入库单",
    "DictType": "3",
    "IsDel": 1,
    "Remark": null,
    "CreateBy": 491786087098744832,
    "CreateDate": "2018-10-22 10:14:27",
    "ModifiedBy": null,
    "ModifiedDate": null
  },
  {
    "DictId": 503753018307510272,
    "DictNo": null,
    "DictName": "成品出库单",
    "DictType": "4",
    "IsDel": 1,
    "Remark": null,
    "CreateBy": 491786087098744832,
    "CreateDate": "2018-10-22 10:14:39",
    "ModifiedBy": null,
    "ModifiedDate": null
  },
  {
    "DictId": 507099447742693376,
    "DictNo": null,
    "DictName": "A级物料",
    "DictType": "2",
    "IsDel": 1,
    "Remark": "A级物料",
    "CreateBy": 491786087098744832,
    "CreateDate": "2018-10-31 15:52:09",
    "ModifiedBy": null,
    "ModifiedDate": null
  },
  {
    "DictId": 507099512351752192,
    "DictNo": null,
    "DictName": "普通材料",
    "DictType": "2",
    "IsDel": 1,
    "Remark": null,
    "CreateBy": 491786087098744832,
    "CreateDate": "2018-10-31 15:52:25",
    "ModifiedBy": null,
    "ModifiedDate": null
  },
  {
    "DictId": 507099602579619840,
    "DictNo": null,
    "DictName": "耗材类",
    "DictType": "2",
    "IsDel": 1,
    "Remark": null,
    "CreateBy": 491786087098744832,
    "CreateDate": "2018-10-31 15:52:47",
    "ModifiedBy": null,
    "ModifiedDate": null
  },
  {
    "DictId": 507100062879318016,
    "DictNo": null,
    "DictName": "包材料",
    "DictType": "2",
    "IsDel": 1,
    "Remark": null,
    "CreateBy": 491786087098744832,
    "CreateDate": "2018-10-31 15:54:36",
    "ModifiedBy": null,
    "ModifiedDate": null
  },
  {
    "DictId": 507100561112301568,
    "DictNo": null,
    "DictName": "危险品料",
    "DictType": "2",
    "IsDel": 1,
    "Remark": null,
    "CreateBy": 491786087098744832,
    "CreateDate": "2018-10-31 15:56:35",
    "ModifiedBy": null,
    "ModifiedDate": null
  },
  {
    "DictId": 507100596751302656,
    "DictNo": null,
    "DictName": "成品类",
    "DictType": "2",
    "IsDel": 1,
    "Remark": null,
    "CreateBy": 491786087098744832,
    "CreateDate": "2018-10-31 15:56:44",
    "ModifiedBy": null,
    "ModifiedDate": null
  },
  {
    "DictId": 507100629949218816,
    "DictNo": null,
    "DictName": "冶工具 ",
    "DictType": "2",
    "IsDel": 1,
    "Remark": null,
    "CreateBy": 491786087098744832,
    "CreateDate": "2018-10-31 15:56:52",
    "ModifiedBy": null,
    "ModifiedDate": null
  },
  {
    "DictId": 507100659967852544,
    "DictNo": null,
    "DictName": "设备",
    "DictType": "2",
    "IsDel": 1,
    "Remark": null,
    "CreateBy": 491786087098744832,
    "CreateDate": "2018-10-31 15:56:59",
    "ModifiedBy": null,
    "ModifiedDate": null
  },
  {
    "DictId": 507452557040287744,
    "DictNo": null,
    "DictName": "台",
    "DictType": "1",
    "IsDel": 1,
    "Remark": "台",
    "CreateBy": 491786087098744832,
    "CreateDate": "2018-11-01 15:15:17",
    "ModifiedBy": null,
    "ModifiedDate": null
  },
  {
    "DictId": 507477339421016064,
    "DictNo": null,
    "DictName": "个",
    "DictType": "1",
    "IsDel": 1,
    "Remark": null,
    "CreateBy": 491786087098744832,
    "CreateDate": "2018-11-01 16:53:46",
    "ModifiedBy": null,
    "ModifiedDate": null
  },
  {
    "DictId": 517162885743378432,
    "DictNo": null,
    "DictName": "自有",
    "DictType": "6",
    "IsDel": 1,
    "Remark": null,
    "CreateBy": 504990858139926528,
    "CreateDate": "2018-11-28 10:20:39",
    "ModifiedBy": null,
    "ModifiedDate": null
  },
  {
    "DictId": 517162936238604288,
    "DictNo": null,
    "DictName": "租赁",
    "DictType": "6",
    "IsDel": 1,
    "Remark": null,
    "CreateBy": 504990858139926528,
    "CreateDate": "2018-11-28 10:20:52",
    "ModifiedBy": null,
    "ModifiedDate": null
  },
  {
    "DictId": 517163878539329536,
    "DictNo": null,
    "DictName": "专业生产用设备",
    "DictType": "5",
    "IsDel": 1,
    "Remark": null,
    "CreateBy": 504990858139926528,
    "CreateDate": "2018-11-28 10:24:37",
    "ModifiedBy": null,
    "ModifiedDate": null
  },
  {
    "DictId": 517163903772262400,
    "DictNo": null,
    "DictName": "动能发生设备",
    "DictType": "5",
    "IsDel": 1,
    "Remark": null,
    "CreateBy": 504990858139926528,
    "CreateDate": "2018-11-28 10:24:43",
    "ModifiedBy": null,
    "ModifiedDate": null
  },
  {
    "DictId": 517163985334697984,
    "DictNo": null,
    "DictName": "电器设备",
    "DictType": "5",
    "IsDel": 1,
    "Remark": null,
    "CreateBy": 504990858139926528,
    "CreateDate": "2018-11-28 10:25:03",
    "ModifiedBy": null,
    "ModifiedDate": null
  },
  {
    "DictId": 517164060874113024,
    "DictNo": null,
    "DictName": "锻压设备",
    "DictType": "5",
    "IsDel": 1,
    "Remark": "1",
    "CreateBy": 504990858139926528,
    "CreateDate": "2018-11-28 10:25:21",
    "ModifiedBy": 491786087098744832,
    "ModifiedDate": "2018-11-28 16:23:44"
  },
  {
    "DictId": 524588722197364736,
    "DictNo": null,
    "DictName": "A物料",
    "DictType": "2",
    "IsDel": 1,
    "Remark": null,
    "CreateBy": 504990858139926528,
    "CreateDate": "2018-12-18 22:08:18",
    "ModifiedBy": null,
    "ModifiedDate": null
  },
  {
    "DictId": 524838103836262400,
    "DictNo": "1",
    "DictName": "stockin",
    "DictType": "0",
    "IsDel": 2,
    "Remark": "勿动，入库单编号",
    "CreateBy": 504990858139926528,
    "CreateDate": "2018-12-19 14:39:14",
    "ModifiedBy": null,
    "ModifiedDate": "1900-01-01 00:00:00"
  },
  {
    "DictId": 524838556393275392,
    "DictNo": "1",
    "DictName": "stockout",
    "DictType": "0",
    "IsDel": 2,
    "Remark": "勿动，出库单编号",
    "CreateBy": 504990858139926528,
    "CreateDate": "2018-12-19 14:41:03",
    "ModifiedBy": null,
    "ModifiedDate": null
  },
  {
    "DictId": 525173270467575808,
    "DictNo": null,
    "DictName": "退货入库单",
    "DictType": "3",
    "IsDel": 1,
    "Remark": null,
    "CreateBy": 504990858139926528,
    "CreateDate": "2018-12-20 12:51:02",
    "ModifiedBy": null,
    "ModifiedDate": null
  },
  {
    "DictId": 525175016191426560,
    "DictNo": null,
    "DictName": "试用入库",
    "DictType": "3",
    "IsDel": 1,
    "Remark": "YOU SHEN ME YONG NE ?",
    "CreateBy": 504990858139926528,
    "CreateDate": "2018-12-20 12:58:01",
    "ModifiedBy": 504990858139926528,
    "ModifiedDate": "2018-12-28 12:17:18"
  },
  {
    "DictId": 539715276204146688,
    "DictNo": null,
    "DictName": "光年",
    "DictType": "1",
    "IsDel": 0,
    "Remark": null,
    "CreateBy": 504990858139926528,
    "CreateDate": "2019-01-29 15:55:49",
    "ModifiedBy": 504990858139926528,
    "ModifiedDate": "2019-01-29 15:56:11"
  }
]