[
  {
    "SerialNumberId": 1,
    "SerialNumber": "R20190508142425000003",
    "SerialCount": 3,
    "TableName": "Wms_stockin",
    "Prefix": "R",
    "Digit": 22,
    "Mantissa": 6,
    "IsDel": 1,
    "Remark": "入库单",
    "CreateBy": 1,
    "CreateDate": "2019-01-07 11:16:09",
    "ModifiedBy": 504990858139926528,
    "ModifiedDate": "2019-05-08 14:24:25"
  },
  {
    "SerialNumberId": 2,
    "SerialNumber": "C20190508142640000001",
    "SerialCount": 1,
    "TableName": "Wms_stockout",
    "Prefix": "C",
    "Digit": 22,
    "Mantissa": 6,
    "IsDel": 1,
    "Remark": "出库单",
    "CreateBy": 1,
    "CreateDate": "2019-02-13 09:24:58",
    "ModifiedBy": 504990858139926528,
    "ModifiedDate": "2019-05-08 14:26:40"
  },
  {
    "SerialNumberId": 3,
    "SerialNumber": "M20190508142918000002",
    "SerialCount": 2,
    "TableName": "Wms_inventorymove",
    "Prefix": "M",
    "Digit": 22,
    "Mantissa": 6,
    "IsDel": 1,
    "Remark": "库存移动",
    "CreateBy": 1,
    "CreateDate": "2019-03-03 13:16:43",
    "ModifiedBy": 504990858139926528,
    "ModifiedDate": "2019-05-08 14:29:19"
  }
]